{
	"id": "030bd8f8-a4d9-4b7c-a2c8-c5e97b902c42",
	"name": "HUMHUB",
	"values": [
		{
			"key": "AUTHORIZATION_ADMIN",
			"value": "Bearer...",
			"description": "",
			"enabled": true
		},
		{
			"key": "AUTHORIZATION_TEST",
			"value": "",
			"enabled": true
		},
		{
			"key": "API_URL",
			"value": "http://humhub.localhost/api/v1",
			"enabled": true
		}
	],
	"_postman_variable_scope": "environment",
	"_postman_exported_at": "2019-03-12T16:02:55.812Z",
	"_postman_exported_using": "Postman/6.5.3"
}