{
  "id": "mail",
  "name": "Messenger",
  "description": "A private messaging system for direct communication.",
  "keywords": [
    "mail",
    "messaging",
    "messenger",
    "communication"
  ],
  "version": "3.2.3",
  "humhub": {
    "minVersion": "1.16"
  },
  "homepage": "https://github.com/humhub/mail",
  "authors": [
    {
      "name": "Andreas Strobel"
    },
    {
      "name": "Lucas Bartholemy"
    },
    {
      "name": "Julian Harrer"
    }
  ],
  "screenshots": [
    "resources/screen1.PNG",
    "resources/screen2.PNG",
    "resources/screen3.PNG"
  ]
}