{
    "id": "calendar",
    "name": "Calendar",
    "description": "Create one-time or recurring events, invite and manage attendees, and keep track of all your events with the Calendar module.",
    "keywords": ["calendar"],
    "version": "1.7.3",
    "humhub": {
        "minVersion": "1.17.0-beta.2"
    },
    "homepage": "https://github.com/humhub/calendar",
    "authors": [
        {
            "name": "Andreas Strobel"
        },
        {
            "name": "Lucas Bartholemy"
        },
        {
            "name": "Julian Harrer"
        }
    ],
    "screenshots": ["resources/screen1.png", "resources/screen2.png", "resources/screen3.png", "resources/screen4.png", "resources/screen5.png", "resources/screen6.png", "resources/screen7.png", "resources/screen8.png", "resources/screen9.png"]
}
