{
    "id": "wiki",
    "name": "Wiki",
    "description": "Create and edit pages with this powerful tool. Build a collaborative knowledge base, view and share information with your colleagues.",
    "keywords": ["wiki"],
    "version": "2.4.0",
    "humhub": {
        "minVersion": "1.16.2"
    },
    "homepage": "https://github.com/humhub/wiki",
    "authors": [
        {
            "name": "Andreas Strobel"
        },
        {
            "name": "Lucas Bartholemy"
        },
        {
            "name": "Julian Harrer"
        }
    ],
    "screenshots": [
        "resources/screenshot1.png",
        "resources/screenshot2.png",
        "resources/screenshot3.png",
        "resources/screenshot4.png",
        "resources/screenshot5.png",
        "resources/screenshot6.png",
        "resources/screenshot7.png"
    ]
}
